Fiscal_Quarter,Revenue_USD
Q1-2023,12794533.3638183
Q1-2024,15364472.2920905
Q2-2023,13796316.8850569
Q2-2024,14013160.3884404
Q3-2023,13947082.485552
Q3-2024,15621395.7548517
Q4-2023,16062846.4194746
Q4-2024,12487050.5504539
