Fiscal_Quarter,Revenue_USD,Year,Quarter,Predicted_Revenue_GBR,Predicted_Revenue_XGB
Q1-2024,15364472.2920905,2024,1,12794569.372082157,1.2794536e+07
Q2-2024,14013160.3884404,2024,2,13796326.28454905,1.3796318e+07
Q3-2024,15621395.7548517,2024,3,13947087.880498895,1.3947083e+07
Q4-2024,12487050.5504539,2024,4,16062795.616771694,1.6062843e+07
